nome,email,telefone,campo personalizado 1,campo personalizado 2,campo personalizado 3
João Silva,joaosilva123@gmail.com,(11) 98765-4321,Personalizado X,Personalizado Y,Personalizado Z
Maria Souza,mariasouzagmail.com,(21) 99876-5432,Personalizado A,Personalizado B,Personalizado C
Carlos Lima,carloslima@,Personalizado C,Personalizado D,Personalizado E
Ana Paula,anapaula123@gmail,Personalizado F,Personalizado G,Personalizado H
Rodrigo Alves,rodrigoalves@gmail.com,(11) 91234-5678,Personalizado I,Personalizado J,Personalizado K
Fernanda Dias,fernandadias123@gmail.com,(31) 99876-4321,Personalizado L,Personalizado M,Personalizado N
Lucas Martins,lucasmartins@outlook.com,(22) 98765-4321,Personalizado O,Personalizado P,Personalizado Q
Camila Rocha,camila.rocha123gmail.com,(43) 99876-1234,Personalizado R,Personalizado S,Personalizado T
Juliana Costa,juliana.costa@gmail.com,(11) 98765-432,Personalizado U,Personalizado V,Personalizado W
Marcos Ferreira,marcosferreira@domain.com,(41) 91234-5678,Personalizado X,Personalizado Y,Personalizado Z
Larissa Mendes,larissamendes@domain.com,(21) 99876-5432,Personalizado A,Personalizado B,Personalizado C
Thiago Ramos,thiagoramos@domain,(31) 98765-4321,Personalizado D,Personalizado E,Personalizado F
Gabriela Nunes,gabrielanunesdomain.com,(61) 91234-5678,Personalizado G,Personalizado H,Personalizado I
Felipe Gonçalves,felipe.goncalves@domain.com,(11) 98765-4321,Personalizado J,Personalizado K,Personalizado L
Beatriz Almeida,beatriz.almeida@domain.com,(21) 99876-5432,Personalizado M,Personalizado N,Personalizado O
Rafael Silva,rafael.silva@domain.com,(41) 91234-5678,Personalizado P,Personalizado Q,Personalizado R
,lucia.santos@domain.com,(11) 98765-4321,Personalizado S,Personalizado T,Personalizado U
Bruno Araújo,bruno.araujo@domain.com,(21) 99876-5432,Personalizado V,Personalizado W,Personalizado X
Mariana Pires,mariana.pires@domain,(41) 91234-5678,Personalizado Y,Personalizado Z,Personalizado A
Diego Mendes,diego.mendesdomain.com,(11) 98765-4321,Personalizado B,Personalizado C,Personalizado D
Tatiana Lopes,tatiana.lopes@gmail.com,(21) 99876-5432,Personalizado E,Personalizado F,Personalizado G
Renato Carvalho,renato.carvalho@gmail,Personalizado H,Personalizado I,Personalizado J
Patrícia Martins,patricia.martins@domain.com,(11) 98765-4321,Personalizado K,Personalizado L,Personalizado M
Gustavo Oliveira,gustavo.oliveira@domain.com,(21) 99876-5432,Personalizado N,Personalizado O,Personalizado P
Aline Fernandes,aline.fernandes@domain.com,(41) 91234-5678,Personalizado Q,Personalizado R,Personalizado S
Ricardo Vieira,ricardo.vieira@domain.com,(11) 98765-4321,Personalizado T,Personalizado U,Personalizado V
Sabrina Silva,sabrina.silva@domain,(21) 99876-5432,Personalizado W,Personalizado X,Personalizado Y
Douglas Souza,douglas.souza@domain.com,(41) 91234-5678,Personalizado Z,Personalizado A,Personalizado B
Verônica Costa,veronica.costa@domain.com,(11) 98765-4321,Personalizado C,Personalizado D,Personalizado E
